{
  "samples": 2000,
  "train_samples": 1600,
  "test_samples": 400,
  "sequence_length": 50,
  "test_size": 0.2,
  "random_state": 42,
  "accuracy": 0.88,
  "roc_auc": 0.9218625,
  "confusion_matrix": [
    [
      187,
      13
    ],
    [
      35,
      165
    ]
  ],
  "classification_report": {
    "random": {
      "precision": 0.8423423423423423,
      "recall": 0.935,
      "f1-score": 0.8862559241706162,
      "support": 200.0
    },
    "human": {
      "precision": 0.9269662921348315,
      "recall": 0.825,
      "f1-score": 0.873015873015873,
      "support": 200.0
    },
    "accuracy": 0.88,
    "macro avg": {
      "precision": 0.8846543172385869,
      "recall": 0.88,
      "f1-score": 0.8796358985932446,
      "support": 400.0
    },
    "weighted avg": {
      "precision": 0.8846543172385869,
      "recall": 0.88,
      "f1-score": 0.8796358985932445,
      "support": 400.0
    }
  }
}