{
  "valid_rows": 455,
  "skipped_rows": 13,
  "skipped": {
    "short_sequence": 0,
    "non_binary_sequence": 0,
    "invalid_label": 0,
    "duplicate_sequence": 13
  },
  "label_summary": {
    "Human": {
      "count": 193,
      "mean_starts_with_zero": 0.44559585492227977,
      "mean_alternation_rate": 0.7366367391457169,
      "mean_longest_run": 4.367875647668394,
      "mean_longest_alternating_run": 10.305699481865284,
      "mean_near_alternation_score": 0.6432626604087985,
      "mean_pattern_break_count": 7.83419689119171
    },
    "Random": {
      "count": 262,
      "mean_starts_with_zero": 0.5267175572519084,
      "mean_alternation_rate": 0.50537466895155,
      "mean_longest_run": 5.908396946564886,
      "mean_longest_alternating_run": 6.038167938931298,
      "mean_near_alternation_score": 0.558320610687023,
      "mean_pattern_break_count": 24.236641221374047
    }
  },
  "batch_summary": {
    "tracked_batch_count": 7,
    "rows_with_batch_metadata": 134,
    "human_batch_count": 6,
    "mean_human_batch_size": 19.833333333333332,
    "human_batches_with_both_start_bits_pct": 1.0,
    "human_adjacent_start_bit_switch_pct": 0.5486725663716814,
    "human_previous_end_to_next_start_switch_pct": 0.5929203539823009
  }
}